{
    "provider": {
        "name": "FindClientServiceV1"
    },
    "consumer": {
        "name": "FindClientServiceV1Client"
    },
    "interactions": [
        {
            "description": "A request with the id 1",
            "request": {
                "method": "GET",
                "path": "/v1/client",
                "query": {
                    "id": [
                        "1"
                    ]
                }
            },
            "response": {
                "status": 200,
                "headers": {
                    "Content-Type": "application/json"
                },
                "body": {
                    "clientId": 1,
                    "lastName": "Perez",
                    "name": "Juan"
                },
                "matchingRules": {
                    "body": {
                        "$.name": {
                            "matchers": [
                                {
                                    "match": "type"
                                }
                            ],
                            "combine": "AND"
                        },
                        "$.lastName": {
                            "matchers": [
                                {
                                    "match": "type"
                                }
                            ],
                            "combine": "AND"
                        },
                        "$.clientId": {
                            "matchers": [
                                {
                                    "match": "integer"
                                }
                            ],
                            "combine": "AND"
                        }
                    }
                }
            },
            "providerStates": [
                {
                    "name": "There is a client with id 1"
                }
            ]
        }
    ],
    "metadata": {
        "pact-specification": {
            "version": "3.0.0"
        },
        "pact-jvm": {
            "version": "3.5.10"
        }
    }
}